Resume,Job,Score
Kareem1.pdf,Kareem2.pdf,0.7623668909072876
Kareem1.pdf,Kareem1.pdf,0.7327249646186829
Kareem2.pdf,Kareem2.pdf,0.763581395149231
Kareem2.pdf,Kareem1.pdf,0.7352021932601929
Kareem3.pdf,Kareem2.pdf,0.7640078067779541
Kareem3.pdf,Kareem1.pdf,0.7382395267486572
